line,from,to,from_name,to_name,kV,P_MW,Q_MVar,S_MVA,rate_MVA,loading_pct,Ploss_MW
1,1,3,Gangneung Branch,Donghae Branch,345,404.80,-14.67,405.06,904,44.81,3.902
2,1,3,Gangneung Branch,Donghae Branch,345,3099.29,-61.91,3099.91,3258,95.15,25.444
3,1,7,Gangneung Branch,Yangyang Branch,345,-1799.91,231.20,1819.62,2172,83.78,16.591
4,1,7,Gangneung Branch,Yangyang Branch,345,-351.86,51.03,356.68,904,39.46,3.817
5,1,14,Gangneung Branch,Pyeongchang Branch,345,593.52,19.26,593.83,1356,43.79,10.951
6,2,15,Gangwon Headquarters Directly Managed,Hongcheon Branch,154,-209.14,110.37,236.47,904,26.16,1.013
7,2,16,Gangwon Headquarters Directly Managed,Hwacheon Branch,154,-212.06,57.08,220.00,904,24.34,0.898
8,2,35,Gangwon Headquarters Directly Managed,Gapyeong Branch,154,252.57,-43.21,256.24,904,28.34,1.040
9,3,4,Donghae Branch,Samcheok Branch,345,324.91,-69.65,332.29,2172,15.30,0.158
10,3,4,Donghae Branch,Samcheok Branch,345,63.47,-14.68,65.14,904,7.21,0.036
11,3,8,Donghae Branch,Yeongwol Branch,345,197.65,-39.85,201.62,1356,14.87,1.315
12,3,11,Donghae Branch,Jeongseon Branch,345,166.94,-19.61,168.09,904,18.59,0.889
13,3,13,Donghae Branch,Taebaek Branch,765,287.08,-55.22,292.35,1356,21.56,1.728
14,3,190,Donghae Branch,Jecheon Branch,345,2167.23,-159.37,2173.08,4344,50.02,25.823
15,4,72,Samcheok Branch,Uljin Branch,765,212.96,-94.75,233.09,2172,10.73,0.315
16,5,7,Sokcho-Goseong Branch,Yangyang Branch,345,578.53,-58.63,581.49,1808,32.16,1.908
17,5,10,Sokcho-Goseong Branch,Inje Branch,154,644.79,50.45,646.76,904,71.54,12.254
18,6,10,Yanggu Branch,Inje Branch,154,-590.94,93.00,598.21,904,66.17,4.413
19,6,16,Yanggu Branch,Hwacheon Branch,154,633.91,-96.53,646.24,904,71.49,7.490
20,7,10,Yangyang Branch,Inje Branch,345,547.54,46.26,549.49,904,60.78,8.642
21,8,11,Yeongwol Branch,Jeongseon Branch,154,-60.57,22.53,67.08,904,7.42,0.087
22,8,13,Yeongwol Branch,Taebaek Branch,765,-51.64,-16.29,54.15,2260,2.40,0.035
23,8,184,Yeongwol Branch,Danyang Branch,154,455.51,37.43,457.05,904,50.56,3.427
24,8,190,Yeongwol Branch,Jecheon Branch,345,421.67,-6.90,421.72,904,46.65,3.132
25,9,17,Wonju Branch,Hoengseong Branch,154,-354.40,45.45,357.60,904,39.56,1.289
26,9,29,Wonju Branch,Yeoju Branch,154,168.34,-69.49,182.12,904,20.15,0.696
27,9,190,Wonju Branch,Jecheon Branch,345,-275.48,-24.33,279.57,904,30.93,2.010
28,10,15,Inje Branch,Hongcheon Branch,154,514.36,-23.56,514.90,904,56.96,9.781
29,12,16,Cheorwon Branch,Hwacheon Branch,154,-249.33,53.63,255.38,904,28.25,1.700
30,12,42,Cheorwon Branch,Yeoncheon Branch,154,132.48,-39.70,138.30,1356,10.20,0.227
31,12,44,Cheorwon Branch,Pocheon Branch,154,51.36,-23.23,56.37,904,6.24,0.066
32,13,41,Taebaek Branch,Yangpyeong Branch,765,4274.28,-239.54,4280.99,14580,29.36,20.636
33,13,72,Taebaek Branch,Uljin Branch,765,-124.65,14.29,126.75,904,14.02,0.468
34,13,72,Taebaek Branch,Uljin Branch,765,-3168.16,113.79,3182.27,14580,21.83,3.363
35,13,72,Taebaek Branch,Uljin Branch,765,-637.61,62.61,646.34,2172,29.76,2.035
36,14,17,Pyeongchang Branch,Hoengseong Branch,154,293.71,-4.30,293.74,904,32.49,2.523
37,14,190,Pyeongchang Branch,Jecheon Branch,345,219.94,-64.08,229.09,904,25.34,1.196
38,15,17,Hongcheon Branch,Hoengseong Branch,154,173.80,-7.35,173.95,904,19.24,0.535
39,16,35,Hwacheon Branch,Gapyeong Branch,154,310.55,-61.13,317.18,904,35.09,2.579
40,18,22,Gyeonggi Headquarters Directly Managed,West Suwon Branch,345,-393.83,71.14,400.20,904,44.27,0.670
41,18,23,Gyeonggi Headquarters Directly Managed,West Yongin Branch,154,113.45,-186.37,218.18,2172,10.05,0.043
42,18,25,Gyeonggi Headquarters Directly Managed,Seongnam Branch,154,23.27,-17.48,29.11,904,3.22,0.011
43,18,25,Gyeonggi Headquarters Directly Managed,Seongnam Branch,154,119.99,-87.25,148.35,2172,6.83,0.050
44,18,28,Gyeonggi Headquarters Directly Managed,Anyang Branch,154,-733.76,132.61,747.93,2172,34.43,0.939
45,19,22,Gwangmyeong Branch,West Suwon Branch,345,-1036.50,168.87,1060.40,4344,24.41,1.752
46,19,26,Gwangmyeong Branch,Ansan Branch,345,-2993.64,782.60,3094.24,3258,94.97,13.713
47,19,104,Gwangmyeong Branch,Guro-Geumcheon Branch,345,1659.55,-233.07,1675.84,2124,78.90,0.789
48,19,104,Gwangmyeong Branch,Guro-Geumcheon Branch,345,67.26,34.23,76.10,1808,4.21,0.006
49,19,105,Gwangmyeong Branch,Southern Seoul Headquarters Directly Managed,345,1090.91,-406.82,1164.29,2859,40.72,0.163
50,19,164,Gwangmyeong Branch,Bucheon Branch,345,33.08,7.93,34.49,904,3.82,0.007
51,19,164,Gwangmyeong Branch,Bucheon Branch,345,949.82,-376.83,1021.84,1416,72.16,1.173
52,20,21,Gwangju Branch,East Yongin Branch,154,3.17,-41.40,41.52,904,4.59,0.022
53,20,23,Gwangju Branch,West Yongin Branch,154,110.89,-53.08,122.94,1356,9.07,0.149
54,20,25,Gwangju Branch,Seongnam Branch,154,151.51,-59.46,162.76,904,18.00,0.234
55,20,29,Gwangju Branch,Yeoju Branch,154,-1683.18,305.73,1720.84,4344,39.61,6.416
56,20,31,Gwangju Branch,Icheon Branch,154,287.64,76.34,297.60,904,32.92,1.392
57,20,41,Gwangju Branch,Yangpyeong Branch,765,-401.72,8.89,404.36,904,44.73,2.543
58,20,101,Gwangju Branch,Gangdong-Songpa Branch,154,166.20,-49.62,173.45,1356,12.79,0.247
59,20,101,Gwangju Branch,Gangdong-Songpa Branch,154,851.82,-239.37,884.81,3258,27.16,1.076
60,21,23,East Yongin Branch,West Yongin Branch,154,887.49,55.64,889.24,2172,40.94,0.813
61,21,23,East Yongin Branch,West Yongin Branch,154,174.10,8.07,174.28,904,19.28,0.187
62,21,27,East Yongin Branch,Anseong Branch,765,-1775.20,233.79,1794.36,3258,55.08,6.639
63,21,27,East Yongin Branch,Anseong Branch,765,-231.35,34.30,234.48,904,25.94,1.018
64,21,30,East Yongin Branch,Osan Branch,154,-486.74,62.86,491.29,904,54.35,2.812
65,21,31,East Yongin Branch,Icheon Branch,154,278.17,108.78,298.68,904,33.04,1.432
66,22,26,West Suwon Branch,Ansan Branch,345,-2294.35,656.85,2386.53,3258,73.25,6.638
67,22,26,West Suwon Branch,Ansan Branch,345,-447.44,136.01,467.65,1356,34.49,1.527
68,22,28,West Suwon Branch,Anyang Branch,345,1439.70,-549.45,1540.99,1906,80.85,1.113
69,22,28,West Suwon Branch,Anyang Branch,345,19.84,-1.24,19.96,904,2.21,0.004
70,22,30,West Suwon Branch,Osan Branch,345,-418.66,12.94,420.76,904,46.54,2.097
71,23,25,West Yongin Branch,Seongnam Branch,154,114.73,-27.88,118.07,3258,3.62,0.022
72,23,101,West Yongin Branch,Gangdong-Songpa Branch,154,122.88,16.54,152.85,4344,3.52,0.032
73,24,30,West Pyeongtaek Branch,Osan Branch,154,431.30,-37.90,432.97,904,47.89,2.564
74,24,32,West Pyeongtaek Branch,Pyeongtaek Branch,154,884.85,122.01,893.22,904,98.81,9.955
75,24,34,West Pyeongtaek Branch,Hwaseong Branch,154,2127.95,257.86,2143.52,2172,98.69,13.546
76,24,34,West Pyeongtaek Branch,Hwaseong Branch,154,417.83,43.74,420.12,904,46.47,3.116
77,24,125,West Pyeongtaek Branch,Dangjin Branch,765,-369.00,50.17,373.17,904,41.28,2.868
78,24,125,West Pyeongtaek Branch,Dangjin Branch,765,-1887.12,225.38,1903.91,2172,87.66,12.467
79,24,134,West Pyeongtaek Branch,Asan Branch,345,407.00,249.17,490.46,2172,22.58,0.767
80,25,100,Seongnam Branch,Gangnam Branch,154,35.58,48.26,62.79,1356,4.63,0.018
81,25,101,Seongnam Branch,Gangdong-Songpa Branch,154,235.03,176.22,320.67,708,45.29,0.246
82,25,103,Seongnam Branch,Gwanak-Dongjak Branch,154,30.16,44.29,59.21,1808,3.28,0.016
83,26,34,Ansan Branch,Hwaseong Branch,345,-239.93,266.94,377.03,3258,11.57,0.151
84,26,162,Ansan Branch,Southern Incheon Branch,345,-1674.56,-356.30,1718.91,3258,52.76,4.361
85,26,166,Ansan Branch,Siheung Branch,345,480.45,-48.20,482.86,904,53.41,2.426
86,27,32,Anseong Branch,Pyeongtaek Branch,765,379.95,164.67,414.10,904,45.81,1.753
87,27,41,Anseong Branch,Yangpyeong Branch,765,-1258.01,-297.67,1292.75,14580,8.87,0.739
88,27,192,Anseong Branch,Jincheon Branch,765,-1449.86,230.86,1494.34,14580,10.25,0.411
89,27,192,Anseong Branch,Jincheon Branch,765,-289.38,64.81,303.63,2172,13.98,0.249
90,27,192,Anseong Branch,Jincheon Branch,765,-56.45,13.62,59.55,904,6.59,0.057
91,29,31,Yeoju Branch,Icheon Branch,154,718.64,49.20,720.33,904,79.68,6.348
92,29,41,Yeoju Branch,Yangpyeong Branch,765,-106.86,-48.80,117.47,904,12.99,0.256
93,29,189,Yeoju Branch,Eumseong Branch,154,111.61,2.40,111.63,904,12.35,0.365
94,29,190,Yeoju Branch,Jecheon Branch,345,-2790.29,208.00,2816.80,4344,64.84,25.725
95,29,194,Yeoju Branch,Chungju Branch,154,275.67,19.26,291.51,3258,8.95,0.276
96,30,32,Osan Branch,Pyeongtaek Branch,154,445.28,147.19,468.98,904,51.88,2.592
97,31,194,Icheon Branch,Chungju Branch,154,-385.67,-2.15,388.68,1808,21.50,2.994
98,32,134,Pyeongtaek Branch,Asan Branch,345,-795.51,29.11,803.86,1356,59.28,7.707
99,32,136,Pyeongtaek Branch,Cheonan Branch,154,-176.18,18.86,177.67,904,19.65,0.436
100,33,35,Hanam Branch,Gapyeong Branch,154,-375.62,36.49,379.37,1356,27.98,2.863
101,33,39,Hanam Branch,Namyangju Branch,345,3.49,-7.15,7.96,904,0.88,0.000
102,33,39,Hanam Branch,Namyangju Branch,345,113.88,-602.90,613.56,1906,32.19,0.082
103,33,101,Hanam Branch,Gangdong-Songpa Branch,154,89.34,6.63,89.67,904,9.92,0.048
104,33,101,Hanam Branch,Gangdong-Songpa Branch,154,455.20,41.25,457.67,2172,21.07,0.209
105,34,134,Hwaseong Branch,Asan Branch,345,-1585.12,62.40,1596.45,4344,36.75,7.961
106,35,39,Gapyeong Branch,Namyangju Branch,345,528.35,-37.58,529.68,1808,29.30,4.010
107,35,41,Gapyeong Branch,Yangpyeong Branch,765,71.44,-57.04,91.41,2172,4.21,0.029
108,35,44,Gapyeong Branch,Pocheon Branch,154,-74.86,-15.01,77.74,2172,3.58,0.019
109,36,39,Northern Gyeonggi Headquarters Directly Managed,Namyangju Branch,345,6.32,-108.87,109.05,3258,3.35,0.012
110,36,40,Northern Gyeonggi Headquarters Directly Managed,Dongducheon Branch,345,-517.86,42.65,521.46,904,57.68,3.345
111,36,44,Northern Gyeonggi Headquarters Directly Managed,Pocheon Branch,345,-547.12,53.83,551.79,904,61.04,4.333
112,36,155,Northern Gyeonggi Headquarters Directly Managed,Nowon-Dobong Branch,345,48.60,-8.65,49.36,904,5.46,0.017
113,36,158,Northern Gyeonggi Headquarters Directly Managed,Seodaemun-Eunpyeong Branch,345,175.20,-39.81,179.67,2172,8.27,0.075
114,36,158,Northern Gyeonggi Headquarters Directly Managed,Seodaemun-Eunpyeong Branch,345,68.49,-16.72,70.50,1808,3.90,0.034
115,37,43,Goyang Branch,Paju Branch,345,-1113.16,387.78,1215.31,1416,85.83,2.126
116,37,102,Goyang Branch,Gangseo-Yangcheon Branch,154,801.27,-57.72,803.35,1062,75.65,1.930
117,37,158,Goyang Branch,Seodaemun-Eunpyeong Branch,154,24.96,16.86,32.05,904,3.55,0.009
118,38,39,Guri Branch,Namyangju Branch,345,-2439.14,778.95,2585.29,3186,81.15,1.511
119,38,155,Guri Branch,Nowon-Dobong Branch,154,2286.44,-794.26,2420.46,3186,75.97,3.507
120,39,41,Namyangju Branch,Yangpyeong Branch,765,-2553.98,183.91,2570.70,3258,78.90,15.712
121,39,156,Namyangju Branch,Dongdaemun-Jungnang Branch,345,105.29,31.49,110.66,1356,8.16,0.050
122,40,42,Dongducheon Branch,Yeoncheon Branch,154,-93.90,13.70,95.40,904,10.55,0.092
123,40,43,Dongducheon Branch,Paju Branch,345,2139.80,-166.81,2146.30,3258,65.88,11.704
124,40,44,Dongducheon Branch,Pocheon Branch,154,-838.94,76.24,843.83,2172,38.85,1.038
125,40,44,Dongducheon Branch,Pocheon Branch,154,-164.12,17.61,165.39,904,18.30,0.239
126,41,44,Yangpyeong Branch,Pocheon Branch,765,-190.26,-12.38,223.45,4344,5.14,0.120
127,42,44,Yeoncheon Branch,Pocheon Branch,154,-37.87,-1.72,37.97,904,4.20,0.018
128,42,44,Yeoncheon Branch,Pocheon Branch,154,-193.26,-11.89,193.62,2172,8.91,0.080
129,42,160,Yeoncheon Branch,Ganghwa Branch,154,184.54,-13.70,185.05,904,20.47,1.447
130,43,158,Paju Branch,Seodaemun-Eunpyeong Branch,345,269.98,112.96,309.04,3258,9.49,0.150
131,43,158,Paju Branch,Seodaemun-Eunpyeong Branch,345,53.32,21.27,60.51,1356,4.46,0.035
132,43,160,Paju Branch,Ganghwa Branch,345,30.52,15.19,36.87,904,4.08,0.021
133,43,161,Paju Branch,Gimpo Branch,345,1190.86,185.54,1205.22,2172,55.49,2.127
134,45,48,Geoje Branch,Goseong Branch,154,-182.86,-22.68,184.26,1356,13.59,0.470
135,45,58,Geoje Branch,Tongyeong Branch,154,-177.23,-14.02,178.17,904,19.71,0.430
136,46,61,Geochang Branch,Hamyang Branch,154,-101.50,4.72,102.10,904,11.29,0.189
137,46,62,Geochang Branch,Hapcheon Branch,154,54.20,-13.63,55.88,904,6.18,0.056
138,47,50,Gyeongnam Headquarters Directly Managed,Masan Branch,154,-1145.31,80.46,1149.92,2172,52.94,2.227
139,47,50,Gyeongnam Headquarters Directly Managed,Masan Branch,154,-224.13,19.41,225.38,904,24.93,0.512
140,47,51,Gyeongnam Headquarters Directly Managed,Miryang Branch,154,30.02,-20.97,36.62,904,4.05,0.024
141,47,56,Gyeongnam Headquarters Directly Managed,Jinhae Branch,345,-980.94,23.04,982.14,2172,45.22,0.930
142,47,56,Gyeongnam Headquarters Directly Managed,Jinhae Branch,345,-192.12,7.64,192.49,904,21.29,0.214
143,47,141,Gyeongnam Headquarters Directly Managed,Gimhae Branch,154,126.35,5.22,126.46,904,13.99,0.212
144,47,141,Gyeongnam Headquarters Directly Managed,Gimhae Branch,154,644.02,37.11,645.09,2172,29.70,0.922
145,47,146,Gyeongnam Headquarters Directly Managed,Northern Busan Branch,345,83.40,-285.33,297.26,4344,6.84,0.119
146,47,147,Gyeongnam Headquarters Directly Managed,Western Busan Branch,154,772.37,43.16,775.05,3258,23.79,1.237
147,48,50,Goseong Branch,Masan Branch,154,-23.71,-26.69,35.70,1356,2.63,0.016
148,48,52,Goseong Branch,Sacheon Branch,345,-300.99,-12.03,303.17,904,33.54,1.513
149,48,58,Goseong Branch,Tongyeong Branch,154,13.59,7.43,17.24,904,1.91,0.003
150,49,55,Namhae Branch,Jinju Branch,154,2538.07,-55.02,2538.67,3258,77.92,21.725
151,49,59,Namhae Branch,Hadong Branch,154,169.59,-11.34,169.97,904,18.80,0.567
152,49,79,Namhae Branch,Gwangyang Branch,345,1045.81,-107.63,1051.33,3258,32.27,1.856
153,50,52,Masan Branch,Sacheon Branch,345,-1518.16,-51.52,1525.05,5430,28.09,5.961
154,50,54,Masan Branch,Uiryeong Branch,345,-727.36,20.92,730.99,3258,22.44,1.170
155,50,57,Masan Branch,Changnyeong Branch,765,178.91,-32.64,181.86,904,20.12,0.810
156,50,60,Masan Branch,Haman Branch,154,-21.62,70.89,76.79,904,8.50,0.056
157,51,57,Miryang Branch,Changnyeong Branch,765,84.35,-16.11,85.88,904,9.50,0.132
158,51,119,Miryang Branch,Cheongdo Branch,154,221.93,-8.28,222.09,904,24.57,0.661
159,51,149,Miryang Branch,Yangsan Branch,154,-4.49,-12.15,12.95,904,1.43,0.002
160,52,55,Sacheon Branch,Jinju Branch,345,-139.44,34.39,144.79,904,16.02,0.420
161,52,56,Sacheon Branch,Jinhae Branch,345,1727.31,-86.59,1729.48,5430,31.85,8.457
162,52,58,Sacheon Branch,Tongyeong Branch,345,340.37,25.53,341.33,1356,25.17,1.749
163,53,55,Sancheong Branch,Jinju Branch,154,773.00,-6.21,773.03,3258,23.73,1.647
164,54,55,Uiryeong Branch,Jinju Branch,345,-386.65,54.22,390.80,904,43.23,2.180
165,54,55,Uiryeong Branch,Jinju Branch,345,-1977.42,244.60,1993.98,2172,91.80,9.477
166,54,61,Uiryeong Branch,Hamyang Branch,345,141.66,-26.48,144.11,1808,7.97,0.391
167,54,111,Uiryeong Branch,Southern Daegu Branch,345,2420.95,-146.01,2425.35,5430,44.67,16.449
168,54,173,Uiryeong Branch,Namwon Branch,345,-965.64,-73.83,973.45,4344,22.41,4.510
169,55,59,Jinju Branch,Hadong Branch,154,-251.69,21.25,253.83,904,28.08,1.704
170,55,60,Jinju Branch,Haman Branch,154,543.82,5.60,543.85,1356,40.11,3.908
171,56,141,Jinhae Branch,Gimhae Branch,345,174.71,2.14,174.72,904,19.33,0.487
172,57,109,Changnyeong Branch,Goryeong Branch,765,462.45,22.09,467.69,3258,14.36,0.519
173,57,111,Changnyeong Branch,Southern Daegu Branch,765,78.66,12.00,80.58,904,8.91,0.138
174,57,111,Changnyeong Branch,Southern Daegu Branch,765,600.04,101.69,617.19,3258,18.94,0.898
175,57,149,Changnyeong Branch,Yangsan Branch,765,-1051.85,-198.00,1070.32,14580,7.34,0.485
176,59,79,Hadong Branch,Gwangyang Branch,345,-119.55,-2.95,119.71,904,13.24,0.152
177,62,109,Hapcheon Branch,Goryeong Branch,154,143.06,-15.12,143.85,904,15.91,0.290
178,63,70,Gyeongbuk Headquarters Directly Managed,Yeongju Branch,345,154.64,-7.97,154.85,904,17.13,0.547
179,63,71,Gyeongbuk Headquarters Directly Managed,Yecheon Branch,154,48.98,-8.08,49.64,904,5.49,0.047
180,63,71,Gyeongbuk Headquarters Directly Managed,Yecheon Branch,154,250.29,-37.12,253.03,2172,11.65,0.206
181,63,74,Gyeongbuk Headquarters Directly Managed,Cheongsong Branch,345,-532.53,30.51,536.83,1356,39.59,4.296
182,64,65,Gumi Branch,Gunwi Branch,154,-15.58,-8.28,17.64,904,1.95,0.005
183,64,68,Gumi Branch,Sangju Branch,154,-221.77,18.41,223.67,904,24.74,1.397
184,64,110,Gumi Branch,Gimcheon Branch,154,249.58,30.74,251.47,904,27.82,0.972
185,64,112,Gumi Branch,Daegu Headquarters Directly Managed,154,-220.95,-32.94,223.39,1808,12.36,0.606
186,64,120,Gumi Branch,Chilgok Branch,345,-177.80,-19.12,179.15,904,19.82,0.367
187,64,120,Gumi Branch,Chilgok Branch,345,-1358.62,-168.42,1370.97,3258,42.08,2.390
188,65,73,Gunwi Branch,Uiseong Branch,154,-38.80,-8.75,39.78,904,4.40,0.018
189,66,68,Mungyeong Branch,Sangju Branch,154,306.61,-20.99,307.33,904,34.00,1.318
190,66,70,Mungyeong Branch,Yeongju Branch,345,-293.67,-6.54,295.72,1356,21.81,1.972
191,66,184,Mungyeong Branch,Danyang Branch,154,-113.28,16.21,116.15,904,12.85,0.460
192,67,70,Bonghwa Branch,Yeongju Branch,345,261.97,-29.32,263.61,904,29.16,0.635
193,67,70,Bonghwa Branch,Yeongju Branch,345,1338.92,-127.85,1345.01,2172,61.92,2.758
194,67,72,Bonghwa Branch,Uljin Branch,765,-312.93,24.54,316.97,1808,17.53,2.132
195,67,72,Bonghwa Branch,Uljin Branch,765,-1599.87,99.35,1616.18,4344,37.20,9.268
196,68,188,Sangju Branch,Okcheon Branch,345,-19.25,-28.37,34.29,1356,2.53,0.019
197,69,74,Yeongyang Branch,Cheongsong Branch,345,-264.28,5.48,265.55,904,29.37,1.272
198,69,117,Yeongyang Branch,Yeongdeok Branch,154,263.43,-7.57,263.53,1356,19.43,1.205
199,70,71,Yeongju Branch,Yecheon Branch,345,-1181.53,-3.03,1184.20,3258,36.35,2.598
200,70,114,Yeongju Branch,Northern Pohang Branch,345,1603.68,-203.45,1616.53,5430,29.77,12.690
201,70,190,Yeongju Branch,Jecheon Branch,345,738.77,-11.62,743.70,4344,17.12,1.683
202,72,117,Uljin Branch,Yeongdeok Branch,765,150.49,-17.74,151.53,904,16.76,1.052
203,73,120,Uiseong Branch,Chilgok Branch,345,-75.22,-13.63,76.45,1808,4.23,0.099
204,75,84,Gangjin Branch,Mokpo Branch,154,-199.71,24.96,204.02,1808,11.28,0.574
205,75,92,Gangjin Branch,Yeongam Branch,345,75.30,-35.39,83.20,904,9.20,0.097
206,75,95,Gangjin Branch,Jangheung Branch,154,128.62,-11.90,129.17,904,14.29,0.156
207,75,98,Gangjin Branch,Haenam Branch,154,-17.80,14.76,25.97,904,2.87,0.007
208,76,88,Goheung Branch,Suncheon Branch,345,-20.33,-4.21,21.32,904,2.36,0.013
209,76,90,Goheung Branch,Yeosu Branch,345,198.08,-6.08,198.18,904,21.92,1.166
210,77,80,Gokseong Branch,Gwangju-Jeonnam Headquarters Directly Managed,154,-77.64,-5.37,78.65,1808,4.35,0.080
211,77,81,Gokseong Branch,Gurye Branch,154,28.93,-0.97,29.12,904,3.22,0.011
212,77,88,Gokseong Branch,Suncheon Branch,345,-58.00,-3.20,58.36,904,6.46,0.094
213,77,177,Gokseong Branch,Sunchang Branch,154,40.19,1.34,40.51,904,4.48,0.019
214,78,82,Gwangsan Branch,Naju Branch,154,-372.40,6.04,374.06,904,41.38,1.626
215,78,94,Gwangsan Branch,Jangseong Branch,154,-175.67,-18.44,176.98,904,19.58,0.416
216,79,88,Gwangyang Branch,Suncheon Branch,345,1862.37,-142.88,1867.84,2172,86.00,7.977
217,79,88,Gwangyang Branch,Suncheon Branch,345,364.51,-33.93,366.08,904,40.50,1.835
218,79,92,Gwangyang Branch,Yeongam Branch,345,285.89,-223.22,362.71,6516,5.57,0.311
219,80,83,Gwangju-Jeonnam Headquarters Directly Managed,Damyang Branch,154,35.59,1.98,36.04,904,3.99,0.014
220,80,87,Gwangju-Jeonnam Headquarters Directly Managed,West Gwangju Branch,154,158.91,65.65,171.94,904,19.02,0.085
221,80,91,Gwangju-Jeonnam Headquarters Directly Managed,Yeonggwang Branch,154,-1253.09,59.93,1262.19,4344,29.06,3.620
222,80,94,Gwangju-Jeonnam Headquarters Directly Managed,Jangseong Branch,154,69.03,24.98,74.67,904,8.26,0.068
223,80,99,Gwangju-Jeonnam Headquarters Directly Managed,Hwasun Branch,345,-513.07,29.25,516.41,3258,15.85,0.336
224,80,173,Gwangju-Jeonnam Headquarters Directly Managed,Namwon Branch,345,869.36,-226.35,898.35,5430,16.54,1.899
225,82,84,Naju Branch,Mokpo Branch,154,-528.72,56.74,534.03,1808,29.54,3.780
226,82,87,Naju Branch,West Gwangju Branch,154,151.72,-39.84,156.86,1356,11.57,0.259
227,82,92,Naju Branch,Yeongam Branch,345,-181.65,-16.28,182.90,904,20.23,0.584
228,82,99,Naju Branch,Hwasun Branch,345,22.01,-31.33,38.29,904,4.24,0.023
229,83,182,Damyang Branch,Jeongeup Branch,154,-60.99,-4.38,61.14,904,6.76,0.085
230,84,85,Mokpo Branch,Muan Branch,154,-165.84,2.54,166.32,904,18.40,0.433
231,84,89,Mokpo Branch,Sinan Branch,154,-825.39,65.89,834.22,1356,61.52,8.814
232,84,96,Mokpo Branch,Jindo Branch,154,72.62,-9.27,73.21,904,8.10,0.147
233,85,89,Muan Branch,Sinan Branch,154,-403.63,24.44,407.00,1356,30.02,3.248
234,85,92,Muan Branch,Yeongam Branch,345,305.67,-40.37,308.33,904,34.11,2.020
235,85,97,Muan Branch,Hampyeong Branch,154,59.60,6.01,60.11,904,6.65,0.023
236,86,88,Boseong Branch,Suncheon Branch,345,77.74,-19.91,80.25,904,8.88,0.200
237,86,95,Boseong Branch,Jangheung Branch,154,-88.95,13.97,90.74,904,10.04,0.104
238,87,99,West Gwangju Branch,Hwasun Branch,345,-126.74,-12.79,127.38,904,14.09,0.156
239,88,90,Suncheon Branch,Yeosu Branch,345,1532.15,-0.26,1532.15,2172,70.54,8.505
240,88,90,Suncheon Branch,Yeosu Branch,345,300.28,-4.94,300.32,904,33.22,1.957
241,88,99,Suncheon Branch,Hwasun Branch,345,-5.00,-3.34,9.81,904,1.08,0.001
242,88,173,Suncheon Branch,Namwon Branch,345,649.70,-128.53,662.30,3258,20.33,1.734
243,91,94,Yeonggwang Branch,Jangseong Branch,154,216.67,2.94,216.69,904,23.97,0.914
244,91,173,Yeonggwang Branch,Namwon Branch,345,1777.72,-341.49,1810.22,7602,23.81,8.969
245,91,174,Yeonggwang Branch,Southern Jeonju Branch,154,1294.99,-207.20,1311.46,5430,24.15,6.526
246,92,98,Yeongam Branch,Haenam Branch,345,-101.31,49.33,116.74,1356,8.61,0.169
247,92,99,Yeongam Branch,Hwasun Branch,345,660.26,-44.91,661.78,2172,30.47,2.015
248,93,98,Wando Branch,Haenam Branch,154,-189.99,-21.15,191.99,904,21.24,0.834
249,96,98,Jindo Branch,Haenam Branch,154,23.19,-7.97,24.52,904,2.71,0.013
250,100,101,Gangnam Branch,Gangdong-Songpa Branch,154,-1051.24,-150.81,1062.00,2124,50.00,1.090
251,100,106,Gangnam Branch,Seocho Branch,345,201.89,113.93,235.47,2124,11.09,0.003
252,101,156,Gangdong-Songpa Branch,Dongdaemun-Jungnang Branch,154,-10.80,5.71,13.63,904,1.51,0.001
253,102,105,Gangseo-Yangcheon Branch,Southern Seoul Headquarters Directly Managed,345,-87.60,-24.20,90.88,904,10.05,0.013
254,102,164,Gangseo-Yangcheon Branch,Bucheon Branch,154,48.95,-9.49,55.50,708,7.84,0.005
255,103,104,Gwanak-Dongjak Branch,Guro-Geumcheon Branch,154,-989.88,145.39,1014.09,1416,71.62,1.113
256,103,106,Gwanak-Dongjak Branch,Seocho Branch,345,6.20,-0.09,6.27,904,0.69,0.000
257,103,106,Gwanak-Dongjak Branch,Seocho Branch,345,456.06,-150.33,480.20,1906,25.19,0.033
258,104,105,Guro-Geumcheon Branch,Southern Seoul Headquarters Directly Managed,345,-172.59,-58.22,182.14,708,25.73,0.050
259,105,157,Southern Seoul Headquarters Directly Managed,Mapo-Yongsan Branch,345,215.48,-210.79,301.43,1062,28.38,0.087
260,105,158,Southern Seoul Headquarters Directly Managed,Seodaemun-Eunpyeong Branch,345,101.54,-141.88,174.47,1062,16.43,0.043
261,106,159,Seocho Branch,Seoul Headquarters Directly Managed,345,-22.69,-11.56,25.47,904,2.82,0.004
262,107,111,Gyeongsan Branch,Southern Daegu Branch,345,-63.25,104.94,172.77,4344,3.98,0.029
263,107,112,Gyeongsan Branch,Daegu Headquarters Directly Managed,345,143.19,16.22,144.50,1356,10.66,0.159
264,107,113,Gyeongsan Branch,Eastern Daegu Branch,345,227.50,-80.33,241.33,904,26.70,0.444
265,107,118,Gyeongsan Branch,Yeongcheon Branch,345,26.62,-12.64,40.45,3258,1.24,0.001
266,107,118,Gyeongsan Branch,Yeongcheon Branch,345,3.50,-1.71,5.26,904,0.58,0.000
267,107,119,Gyeongsan Branch,Cheongdo Branch,345,-22.37,-1.54,22.64,904,2.50,0.007
268,107,119,Gyeongsan Branch,Cheongdo Branch,345,-114.24,-9.70,115.34,2172,5.31,0.032
269,107,148,Gyeongsan Branch,Seoul-San Branch,345,-702.35,-67.71,705.61,3258,21.66,1.794
270,108,114,Gyeongju Branch,Northern Pohang Branch,345,36.98,11.75,43.54,1356,3.21,0.025
271,108,118,Gyeongju Branch,Yeongcheon Branch,345,228.48,-2.02,228.49,904,25.28,1.086
272,108,121,Gyeongju Branch,Pohang Branch,345,138.64,0.53,138.64,904,15.34,0.285
273,108,121,Gyeongju Branch,Pohang Branch,345,707.10,14.21,707.24,2172,32.56,1.239
274,108,144,Gyeongju Branch,Eastern Ulsan Branch,345,413.16,-56.98,417.07,2172,19.20,0.728
275,108,144,Gyeongju Branch,Eastern Ulsan Branch,345,80.85,-12.49,81.81,904,9.05,0.167
276,108,151,Gyeongju Branch,Ulsan Branch,345,90.04,-13.39,91.03,904,10.07,0.212
277,109,111,Goryeong Branch,Southern Daegu Branch,154,23.44,10.13,28.14,904,3.11,0.012
278,109,120,Goryeong Branch,Chilgok Branch,345,754.20,78.04,762.39,3258,23.40,1.455
279,109,187,Goryeong Branch,Yeongdong Branch,154,-408.75,-52.70,423.42,4344,9.75,0.677
280,110,116,Gimcheon Branch,Seongju Branch,154,-160.31,-18.51,161.71,904,17.89,0.528
281,111,115,Southern Daegu Branch,Western Daegu Branch,154,270.71,19.05,271.37,904,30.02,0.544
282,111,120,Southern Daegu Branch,Chilgok Branch,345,1186.92,32.49,1187.36,4344,27.33,1.869
283,111,120,Southern Daegu Branch,Chilgok Branch,345,116.38,1.29,116.39,904,12.87,0.215
284,112,120,Daegu Headquarters Directly Managed,Chilgok Branch,345,44.99,5.86,46.18,904,5.11,0.031
285,112,120,Daegu Headquarters Directly Managed,Chilgok Branch,345,228.86,33.66,235.82,2172,10.86,0.134
286,112,121,Daegu Headquarters Directly Managed,Pohang Branch,345,-1116.18,-138.85,1124.78,6516,17.26,3.559
287,114,117,Northern Pohang Branch,Yeongdeok Branch,154,-473.42,63.65,479.41,904,53.03,5.496
288,114,121,Northern Pohang Branch,Pohang Branch,345,930.88,-128.24,939.67,2172,43.26,1.220
289,114,121,Northern Pohang Branch,Pohang Branch,345,182.02,-28.09,184.17,904,20.37,0.281
290,115,120,Western Daegu Branch,Chilgok Branch,345,-15.74,-12.26,19.95,1356,1.47,0.003
291,116,120,Seongju Branch,Chilgok Branch,345,-346.22,-37.06,349.80,904,38.69,0.927
292,121,144,Pohang Branch,Eastern Ulsan Branch,345,-1.04,-100.61,100.62,3258,3.09,0.011
293,121,144,Pohang Branch,Eastern Ulsan Branch,345,-0.37,-19.73,19.73,1356,1.46,0.003
294,122,129,Gongju Branch,Buyeo Branch,154,-311.96,-1.15,314.11,904,34.75,1.912
295,122,133,Gongju Branch,Sejong Branch,154,488.06,-2.91,488.07,904,53.99,2.806
296,122,137,Gongju Branch,Cheongyang Branch,345,-388.66,-17.99,394.26,904,43.61,3.399
297,123,175,Geumsan Branch,Muju Branch,345,-101.82,-17.81,103.37,904,11.43,0.146
298,123,188,Geumsan Branch,Okcheon Branch,345,-64.42,-0.32,64.66,904,7.15,0.070
299,124,126,Nonsan Branch,Daedeok-Yuseong Branch,154,480.28,26.07,480.99,904,53.21,4.863
300,124,129,Nonsan Branch,Buyeo Branch,154,-336.45,-13.87,338.81,904,37.48,1.546
301,124,178,Nonsan Branch,Iksan Branch,345,-397.35,-39.24,405.31,904,44.84,3.211
302,125,131,Dangjin Branch,Seosan Branch,765,-3799.10,507.02,3834.68,4344,88.28,18.374
303,125,131,Dangjin Branch,Seosan Branch,765,-557.04,83.58,563.68,1356,41.57,3.170
304,125,135,Dangjin Branch,Yesan Branch,765,1520.72,88.73,1523.31,2172,70.13,7.979
305,125,139,Dangjin Branch,Hongseong Branch,765,197.60,6.48,197.70,904,21.87,0.892
306,125,193,Dangjin Branch,Chungbuk Headquarters Directly Managed,765,5460.86,74.81,5461.37,14580,37.46,19.145
307,126,130,Daedeok-Yuseong Branch,Western Daejeon Branch,154,-417.85,-89.51,428.69,904,47.42,0.532
308,126,133,Daedeok-Yuseong Branch,Sejong Branch,154,-239.84,-35.49,243.56,904,26.94,0.706
309,127,133,Daejeon-Sejong-Chungnam Headquarters Directly Managed,Sejong Branch,154,96.31,21.88,100.14,1356,7.39,0.093
310,127,133,Daejeon-Sejong-Chungnam Headquarters Directly Managed,Sejong Branch,154,326.20,79.75,340.84,2172,15.69,0.268
311,127,188,Daejeon-Sejong-Chungnam Headquarters Directly Managed,Okcheon Branch,345,-717.25,-136.99,739.36,1356,54.52,3.563
312,128,129,Boryeong Branch,Buyeo Branch,345,576.08,35.20,577.16,1356,42.56,4.530
313,128,134,Boryeong Branch,Asan Branch,345,3293.70,100.99,3295.24,5430,60.69,31.806
314,128,137,Boryeong Branch,Cheongyang Branch,345,1911.26,-27.29,1911.45,2172,88.00,8.680
315,128,137,Boryeong Branch,Cheongyang Branch,345,374.46,-11.44,374.63,904,41.44,1.997
316,129,171,Buyeo Branch,Gunsan Branch,154,-193.22,-44.11,198.19,1356,14.62,0.721
317,130,188,Western Daejeon Branch,Okcheon Branch,345,-832.61,-134.92,859.36,1356,63.37,6.333
318,131,138,Seosan Branch,Taean Branch,345,-4820.73,369.43,4842.85,5430,89.19,16.039
319,131,138,Seosan Branch,Taean Branch,345,-943.36,87.71,949.14,2260,42.00,3.689
320,132,171,Seocheon Branch,Gunsan Branch,345,307.68,-33.27,309.47,904,34.23,0.183
321,132,178,Seocheon Branch,Iksan Branch,345,404.22,-62.46,409.02,4344,9.42,0.280
322,133,136,Sejong Branch,Cheonan Branch,154,-38.66,-6.23,39.16,904,4.33,0.045
323,134,135,Asan Branch,Yesan Branch,345,-226.85,2.17,227.54,904,25.17,0.695
324,134,135,Asan Branch,Yesan Branch,345,-1157.77,-7.74,1160.92,2172,53.45,3.023
325,134,136,Asan Branch,Cheonan Branch,345,1638.49,114.92,1642.52,1808,90.85,11.769
326,134,137,Asan Branch,Cheongyang Branch,345,-1487.78,-63.43,1496.94,3258,45.95,7.695
327,135,139,Yesan Branch,Hongseong Branch,154,-114.90,-2.55,115.09,904,12.73,0.189
328,136,192,Cheonan Branch,Jincheon Branch,765,-180.60,-123.91,219.02,1356,16.15,0.640
329,137,139,Cheongyang Branch,Hongseong Branch,345,84.29,8.33,85.13,904,9.42,0.115
330,137,178,Cheongyang Branch,Iksan Branch,345,-148.93,-96.55,177.49,3258,5.45,0.110
331,137,190,Cheongyang Branch,Jecheon Branch,345,387.74,-146.33,439.17,8688,5.05,0.324
332,140,142,Gijang Branch,Southern Busan Branch,765,168.74,12.16,169.25,1356,12.48,0.147
333,140,142,Gijang Branch,Southern Busan Branch,765,573.18,50.71,575.86,2172,26.51,0.427
334,140,143,Gijang Branch,Dongnae Branch,765,318.97,23.49,319.83,904,35.38,0.830
335,140,146,Gijang Branch,Northern Busan Branch,765,470.39,-70.47,475.64,4344,10.95,0.298
336,140,148,Gijang Branch,Seoul-San Branch,765,429.94,-72.55,436.02,3258,13.38,0.555
337,140,149,Gijang Branch,Yangsan Branch,765,1855.33,-95.83,1857.80,14580,12.74,0.576
338,140,149,Gijang Branch,Yangsan Branch,765,73.34,-9.58,73.96,904,8.18,0.080
339,140,151,Gijang Branch,Ulsan Branch,765,423.76,-57.90,427.70,2172,19.69,0.771
340,141,147,Gimhae Branch,Western Busan Branch,154,29.37,3.40,29.90,904,3.31,0.006
341,141,149,Gimhae Branch,Yangsan Branch,154,-79.98,-44.44,91.49,904,10.12,0.120
342,143,145,Dongnae Branch,Busan-Ulsan Headquarters Directly Managed,154,127.20,18.28,128.56,904,14.22,0.076
343,143,146,Dongnae Branch,Northern Busan Branch,345,-234.56,-31.23,237.25,904,26.24,0.445
344,143,149,Dongnae Branch,Yangsan Branch,154,-114.44,-22.78,116.69,904,12.91,0.179
345,144,151,Eastern Ulsan Branch,Ulsan Branch,154,108.10,-12.18,108.78,904,12.03,0.031
346,144,151,Eastern Ulsan Branch,Ulsan Branch,154,552.50,-53.15,555.05,2172,25.55,0.133
347,145,146,Busan-Ulsan Headquarters Directly Managed,Northern Busan Branch,345,-497.98,-64.28,504.66,904,55.83,1.242
348,146,149,Northern Busan Branch,Yangsan Branch,345,34.41,-6.72,35.06,1356,2.59,0.012
349,146,151,Northern Busan Branch,Ulsan Branch,345,476.19,-123.01,491.83,5430,9.06,0.565
350,146,152,Northern Busan Branch,Central Busan Branch,345,721.09,65.51,724.06,2172,33.34,0.523
351,148,149,Seoul-San Branch,Yangsan Branch,345,-24.67,0.42,25.44,904,2.81,0.010
352,148,151,Seoul-San Branch,Ulsan Branch,345,44.03,-7.12,44.60,904,4.93,0.027
353,148,151,Seoul-San Branch,Ulsan Branch,345,225.02,-32.64,227.38,2172,10.47,0.119
354,150,152,Yeongdo Branch,Central Busan Branch,154,-88.13,-8.81,88.57,2172,4.08,0.002
355,153,155,Gangbuk-Seongbuk Branch,Nowon-Dobong Branch,154,-738.17,211.21,778.68,1416,54.99,0.332
356,153,158,Gangbuk-Seongbuk Branch,Seodaemun-Eunpyeong Branch,154,13.58,-9.93,16.83,904,1.86,0.002
357,153,159,Gangbuk-Seongbuk Branch,Seoul Headquarters Directly Managed,154,278.15,-246.05,371.36,1062,34.97,0.200
358,154,156,Gwangjin-Seongdong Branch,Dongdaemun-Jungnang Branch,345,-110.36,57.46,139.92,708,19.76,0.031
359,154,156,Gwangjin-Seongdong Branch,Dongdaemun-Jungnang Branch,345,-648.81,120.54,692.09,1906,36.31,0.095
360,154,159,Gwangjin-Seongdong Branch,Seoul Headquarters Directly Managed,345,49.49,-249.10,253.97,1416,17.94,0.036
361,155,156,Nowon-Dobong Branch,Dongdaemun-Jungnang Branch,154,1147.02,-400.10,1214.80,2124,57.19,0.793
362,157,158,Mapo-Yongsan Branch,Seodaemun-Eunpyeong Branch,345,-72.34,-165.78,180.88,2859,6.33,0.001
363,157,159,Mapo-Yongsan Branch,Seoul Headquarters Directly Managed,345,318.43,308.42,471.73,1416,33.31,0.129
364,158,159,Seodaemun-Eunpyeong Branch,Seoul Headquarters Directly Managed,154,118.59,98.95,175.13,708,24.74,0.050
365,160,161,Ganghwa Branch,Gimpo Branch,345,107.48,-3.04,107.53,904,11.89,0.166
366,161,165,Gimpo Branch,Western Incheon Branch,345,143.73,20.45,147.99,2172,6.81,0.032
367,161,165,Gimpo Branch,Western Incheon Branch,345,28.25,3.55,28.98,904,3.21,0.007
368,161,168,Gimpo Branch,Incheon Headquarters Directly Managed,345,76.35,23.30,81.33,1356,6.00,0.045
369,162,166,Southern Incheon Branch,Siheung Branch,154,2235.46,72.31,2236.63,2260,98.97,17.636
370,162,167,Southern Incheon Branch,Yeongjong Branch,345,-3630.55,255.79,3647.10,4344,83.96,13.208
371,164,168,Bucheon Branch,Incheon Headquarters Directly Managed,154,504.20,42.39,505.98,904,55.97,0.988
372,165,168,Western Incheon Branch,Incheon Headquarters Directly Managed,345,50.39,23.36,56.26,904,6.22,0.017
373,165,169,Western Incheon Branch,Jemulpo Branch,345,-16.76,357.77,371.03,3258,11.39,0.079
374,165,169,Western Incheon Branch,Jemulpo Branch,345,-1.42,46.77,48.48,904,5.36,0.012
375,166,169,Siheung Branch,Jemulpo Branch,345,1551.11,-287.94,1577.61,3258,48.42,2.617
376,168,169,Incheon Headquarters Directly Managed,Jemulpo Branch,345,-48.99,19.80,53.55,904,5.92,0.016
377,170,182,Gochang Branch,Jeongeup Branch,154,276.94,-12.68,277.23,904,30.67,1.152
378,171,178,Gunsan Branch,Iksan Branch,345,11.28,-3.56,11.83,904,1.31,0.002
379,172,174,Gimje Branch,Southern Jeonju Branch,154,48.19,-7.00,48.69,904,5.39,0.035
380,172,174,Gimje Branch,Southern Jeonju Branch,154,246.23,-31.69,248.26,2172,11.43,0.154
381,172,176,Gimje Branch,Buan Branch,154,-270.43,17.08,271.62,904,30.05,0.873
382,173,179,Namwon Branch,Imsil Branch,345,19.98,1.72,21.42,904,2.37,0.007
383,173,188,Namwon Branch,Okcheon Branch,345,2245.97,-144.00,2250.58,6516,34.54,20.172
384,174,178,Southern Jeonju Branch,Iksan Branch,345,458.71,-66.55,463.51,3258,14.23,0.384
385,174,179,Southern Jeonju Branch,Imsil Branch,154,19.22,-7.70,20.70,904,2.29,0.007
386,174,181,Southern Jeonju Branch,Jeonbuk Headquarters Directly Managed,154,394.51,-52.33,397.96,1808,22.01,0.389
387,174,182,Southern Jeonju Branch,Jeongeup Branch,154,-136.51,11.33,137.90,904,15.25,0.483
388,175,187,Muju Branch,Yeongdong Branch,345,299.12,-18.21,299.68,2172,13.80,0.220
389,176,182,Buan Branch,Jeongeup Branch,154,28.84,3.85,30.21,904,3.34,0.013
390,178,181,Iksan Branch,Jeonbuk Headquarters Directly Managed,345,0.04,-3.28,3.28,904,0.36,0.000
391,178,181,Iksan Branch,Jeonbuk Headquarters Directly Managed,345,-19.76,-141.64,143.01,1770,8.08,0.003
392,178,182,Iksan Branch,Jeongeup Branch,345,-201.90,16.52,204.39,1356,15.07,0.914
393,180,183,Jangsu Branch,Jinan Branch,154,-11.10,-4.10,11.83,904,1.31,0.002
394,181,183,Jeonbuk Headquarters Directly Managed,Jinan Branch,154,41.21,-5.75,41.61,1356,3.07,0.021
395,185,191,Eastern Cheongju Branch,Jeungpyeong-Goesan Branch,154,209.12,16.62,209.78,904,23.21,0.585
396,185,192,Eastern Cheongju Branch,Jincheon Branch,765,-83.48,-35.22,90.61,904,10.02,0.137
397,185,193,Eastern Cheongju Branch,Chungbuk Headquarters Directly Managed,345,-1314.17,-100.55,1325.40,1356,97.74,4.163
398,186,187,Boeun Branch,Yeongdong Branch,154,-66.42,-7.58,66.85,904,7.40,0.114
399,187,188,Yeongdong Branch,Okcheon Branch,345,-245.73,104.76,286.89,3258,8.81,0.146
400,188,193,Okcheon Branch,Chungbuk Headquarters Directly Managed,345,223.92,-199.99,300.22,7602,3.95,0.081
401,189,191,Eumseong Branch,Jeungpyeong-Goesan Branch,154,2.92,1.94,7.11,904,0.79,0.000
402,189,192,Eumseong Branch,Jincheon Branch,765,-343.10,-57.09,350.00,1356,25.81,1.475
403,189,194,Eumseong Branch,Chungju Branch,154,-142.05,2.40,142.43,904,15.76,0.304
404,190,194,Jecheon Branch,Chungju Branch,345,518.95,3.13,518.96,904,57.41,6.134
405,192,193,Jincheon Branch,Chungbuk Headquarters Directly Managed,765,-682.74,79.95,694.08,3258,21.30,1.022
406,192,193,Jincheon Branch,Chungbuk Headquarters Directly Managed,765,-2263.69,123.47,2278.79,14580,15.63,1.124
407,163,164,Baengnyeong Branch,Bucheon Branch,154,0.00,0.00,164.69,14580,1.13,0.001
