bus,region,type,V_pu,V_kV,angle_deg,Pinj_GW,Qinj_GVar
1,Gyeongnam,1,1.01000,348.45,0.0000,8.5609,-2.6379
2,Gangwon,2,1.00000,345.00,-5.9596,9.0000,0.4288
3,Seoul,2,1.00000,345.00,-9.2137,-42.5400,-0.2150
4,Jeonbuk,3,1.01514,350.23,-0.9186,-6.0000,-3.0000
5,Gyeongbuk,3,1.01667,350.75,-3.7596,-6.6000,-3.0000
6,Jeonnam,2,1.02000,351.90,1.7168,42.0000,-9.6199
7,Chungbuk,3,0.99928,344.75,-7.0347,-3.0000,-1.5000
8,Gyeonggi,3,0.98006,338.12,-9.3123,-30.0000,-15.0000
9,Chungnam,3,1.00107,345.37,-6.8351,30.0000,3.0000
