line,from,to,R_ohm,X_ohm,Pij_GW,Qij_GVar,S_GVA,loading_pct,Ploss_MW,Qloss_MVar
1,4,1,0.0000,0.2285,-9.6390,4.0016,10.4366,34.79,0.00,202.04
2,7,2,0.0000,0.2480,-9.0000,-7.2745,11.7554,39.18,0.00,287.89
3,9,3,0.0000,0.2325,60.0000,14.3577,61.6940,205.65,0.00,8357.72
4,7,8,0.0337,0.2857,21.8320,11.5785,25.8239,86.08,194.59,-2517.44
5,9,8,0.0472,0.3999,8.3952,-4.4136,9.4847,31.62,32.61,-5317.64
6,7,5,0.1270,0.6388,-15.8320,-5.8040,16.8623,56.21,277.91,-7755.63
7,9,6,0.1547,0.6745,-38.3952,-6.9442,40.9750,136.58,2161.25,-1102.74
8,5,4,0.0397,0.3372,-22.7099,-1.0484,23.0689,76.90,168.58,-4006.27
9,6,4,0.0674,0.3650,19.4435,0.1586,19.6599,65.53,204.03,-3885.19
