bus,name,area,kV,type,V_pu,V_kV,angle_deg,Pd_MW,Pg_MW
1,Gangneung Branch,강원,345,2,1.04000,358.80,18.1978,405.43,2330.00
2,Gangwon Headquarters Directly Managed,강원,154,2,1.04000,160.16,5.9306,364.55,393.01
3,Donghae Branch,강원,345,3,1.03606,357.44,11.8911,282.27,-0.00
4,Samcheok Branch,강원,345,3,1.03656,357.61,11.6408,253.30,-0.00
5,Sokcho-Goseong Branch,강원,154,2,1.04000,160.16,23.4130,-436.40,200.00
6,Yanggu Branch,강원,154,3,1.02769,158.26,12.1363,-18.32,-0.00
7,Yangyang Branch,강원,345,2,1.04000,358.80,22.7497,60.06,2200.00
8,Yeongwol Branch,강원,154,2,1.04000,160.16,8.9640,197.60,786.02
9,Wonju Branch,강원,154,3,1.02237,157.45,2.6040,487.08,-0.00
10,Inje Branch,강원,154,3,1.02625,158.04,15.3090,65.13,0.00
11,Jeongseon Branch,강원,154,3,1.03623,159.58,9.3886,111.23,-0.00
12,Cheorwon Branch,경기북부,154,3,1.03830,159.90,4.8571,69.12,0.00
13,Taebaek Branch,강원,765,3,1.04246,797.48,9.7965,-19.35,-0.00
14,Pyeongchang Branch,강원,154,3,1.02735,158.21,8.4855,72.73,-0.00
15,Hongcheon Branch,강원,154,3,1.02650,158.08,6.7398,127.31,0.00
16,Hwacheon Branch,강원,154,3,1.03524,159.43,7.3063,-63.17,0.00
17,Hoengseong Branch,강원,154,3,1.02271,157.50,4.5767,114.79,0.00
18,Gyeonggi Headquarters Directly Managed,경기,154,3,1.03693,159.69,0.6242,919.08,-0.00
19,Gwangmyeong Branch,남서울,345,3,1.04016,358.85,0.7351,242.22,-0.00
20,Gwangju Branch,경기,154,3,1.03460,159.33,0.4826,542.10,0.00
21,East Yongin Branch,경기,154,3,1.03333,159.13,0.1825,1631.96,0.00
22,West Suwon Branch,경기,345,3,1.04036,358.92,1.8193,283.00,0.00
23,West Yongin Branch,경기,154,3,1.03573,159.50,0.3077,519.20,-0.00
24,West Pyeongtaek Branch,경기,154,2,1.04000,160.16,7.1311,589.72,3699.12
25,Seongnam Branch,남서울,154,3,1.03781,159.82,0.3900,1101.59,972.70
26,Ansan Branch,경기,345,2,1.04000,358.80,3.4582,1591.68,5864.63
27,Anseong Branch,경기,765,3,1.03685,793.19,1.9873,696.06,-0.00
28,Anyang Branch,경기,154,2,1.04000,160.16,1.7462,1054.45,1080.78
29,Yeoju Branch,경기,154,3,1.03189,158.91,1.5214,284.18,0.00
30,Osan Branch,경기,154,2,1.04000,160.16,3.6319,288.21,1247.81
31,Icheon Branch,경기,154,3,1.01725,156.66,-2.7644,1752.90,0.00
32,Pyeongtaek Branch,경기,154,3,1.01749,156.69,0.0577,2815.14,-0.00
33,Hanam Branch,경기북부,154,2,1.04000,160.16,0.7670,317.59,864.63
34,Hwaseong Branch,경기,154,3,1.03258,159.02,3.1288,4088.62,0.00
35,Gapyeong Branch,경기북부,154,3,1.04080,160.28,3.9036,-146.67,0.00
36,Northern Gyeonggi Headquarters Directly Managed,경기북부,345,2,1.04000,358.80,0.9961,808.79,540.39
37,Goyang Branch,경기북부,154,3,1.03997,160.16,1.2216,1032.22,972.70
38,Guri Branch,경기북부,154,3,1.03983,160.13,0.7259,161.15,0.00
39,Namyangju Branch,경기북부,345,3,1.04014,358.85,0.7577,692.29,-0.00
40,Dongducheon Branch,경기북부,154,2,1.04000,160.16,4.1341,124.28,1748.90
41,Yangpyeong Branch,경기북부,765,3,1.04185,797.02,3.2893,185.22,0.00
42,Yeoncheon Branch,경기북부,154,3,1.03980,160.13,4.3392,89.55,-0.00
43,Paju Branch,경기북부,345,2,1.04000,358.80,1.4615,1851.78,2377.72
44,Pocheon Branch,경기북부,154,2,1.04000,160.16,4.5276,520.72,2593.88
45,Geoje Branch,경남,154,3,1.02641,158.07,-4.0631,380.03,0.00
46,Geochang Branch,경남,154,3,1.03594,159.53,-3.3793,49.92,-0.00
47,Gyeongnam Headquarters Directly Managed,경남,154,3,1.03537,159.45,-3.2939,935.40,0.00
48,Goseong Branch,경남,154,3,1.03195,158.92,-2.6702,134.84,-0.00
49,Namhae Branch,경남,154,2,1.04000,160.16,5.0732,38.22,3900.00
50,Masan Branch,경남,154,3,1.03630,159.59,-2.3533,730.65,0.00
51,Miryang Branch,부산울산,154,3,1.03740,159.76,-3.5517,-115.91,-0.00
52,Sacheon Branch,경남,345,1,1.04000,358.80,0.0000,243.58,3950.59
53,Sancheong Branch,경남,154,3,1.03881,159.98,1.0415,-329.65,-0.00
54,Uiryeong Branch,경남,345,3,1.03784,358.05,-1.5989,40.70,-0.00
55,Jinju Branch,경남,154,3,1.03711,159.72,0.4879,506.56,0.00
56,Jinhae Branch,경남,345,3,1.03613,357.46,-2.7830,390.42,-0.00
57,Changnyeong Branch,경남,765,3,1.03878,794.67,-3.7976,182.59,0.00
58,Tongyeong Branch,경남,154,3,1.03088,158.76,-2.7579,184.21,-0.00
59,Hadong Branch,경남,154,3,1.03886,159.98,3.2257,37.12,-0.00
60,Haman Branch,경남,154,3,1.03008,158.63,-2.7394,546.92,0.00
61,Hamyang Branch,경남,154,3,1.03725,159.74,-2.7241,41.77,0.00
62,Hapcheon Branch,경남,154,3,1.03619,159.57,-3.5655,-37.92,-0.00
63,Gyeongbuk Headquarters Directly Managed,경북,154,3,1.03858,159.94,5.5896,82.97,-0.00
64,Gumi Branch,경북,154,3,1.02683,158.13,-6.5209,1841.75,-0.00
65,Gunwi Branch,경북,154,3,1.02806,158.32,-6.4089,24.50,-0.00
66,Mungyeong Branch,경북,154,3,1.02811,158.33,1.3577,105.89,-0.00
67,Bonghwa Branch,경북,154,3,1.03670,159.65,6.6840,329.17,0.00
68,Sangju Branch,경북,154,3,1.02750,158.24,-1.3271,106.99,0.00
69,Yeongyang Branch,경북,154,3,1.03833,159.90,5.4615,0.90,0.00
70,Yeongju Branch,경북,345,3,1.03673,357.67,4.9696,311.37,0.00
71,Yecheon Branch,경북,154,3,1.03861,159.95,5.6014,-377.46,-0.00
72,Uljin Branch,경북,765,2,1.04000,795.60,11.3111,107.29,5900.00
73,Uiseong Branch,경북,154,3,1.02936,158.52,-6.1892,38.42,0.00
74,Cheongsong Branch,경북,345,3,1.04155,359.33,7.1060,-300.72,0.00
75,Gangjin Branch,광주전남,154,3,1.03735,159.75,0.0831,14.35,0.00
76,Goheung Branch,광주전남,154,3,1.03582,159.52,-1.0453,18.62,0.00
77,Gokseong Branch,광주전남,154,3,1.03869,159.96,0.4016,70.19,-0.00
78,Gwangsan Branch,광주전남,154,3,1.03000,158.62,-1.9816,688.10,108.08
79,Gwangyang Branch,광주전남,345,2,1.04000,358.80,3.5318,956.01,2593.88
80,Gwangju-Jeonnam Headquarters Directly Managed,광주전남,154,3,1.03959,160.10,1.0730,586.29,-0.00
81,Gurye Branch,광주전남,154,3,1.03810,159.87,0.1953,30.52,-0.00
82,Naju Branch,광주전남,154,3,1.03530,159.44,-0.3896,171.62,0.00
83,Damyang Branch,광주전남,154,3,1.03695,159.69,0.6341,101.91,0.00
84,Mokpo Branch,광주전남,154,3,1.03589,159.53,-0.5965,196.11,0.00
85,Muan Branch,광주전남,154,3,1.03633,159.59,-0.3184,71.22,-0.00
86,Boseong Branch,광주전남,154,3,1.03795,159.84,0.2860,11.83,-0.00
87,West Gwangju Branch,광주전남,154,3,1.03720,159.73,0.3586,461.22,0.00
88,Suncheon Branch,광주전남,345,2,1.04000,358.80,1.0695,252.26,500.00
89,Sinan Branch,광주전남,154,3,1.03730,159.74,-0.0866,-73.69,0.00
90,Yeosu Branch,광주전남,345,3,1.03368,356.62,-2.7960,2869.39,700.00
91,Yeonggwang Branch,전북,154,2,1.04000,160.16,3.2997,37.27,3900.00
92,Yeongam Branch,광주전남,345,3,1.04074,359.06,1.2932,125.21,0.00
93,Wando Branch,광주전남,154,3,1.02597,158.00,-2.5756,200.50,-0.00
94,Jangseong Branch,광주전남,154,3,1.03468,159.34,0.2246,114.65,0.00
95,Jangheung Branch,광주전남,154,3,1.03717,159.72,0.0527,41.59,0.00
96,Jindo Branch,광주전남,154,3,1.03519,159.42,-0.7493,52.01,0.00
97,Hampyeong Branch,광주전남,154,3,1.03547,159.46,-0.5245,62.88,0.00
98,Haenam Branch,광주전남,154,3,1.03555,159.47,-0.2195,33.05,0.00
99,Hwasun Branch,광주전남,345,3,1.03967,358.69,0.9417,36.86,-0.00
100,Gangnam Branch,남서울,154,3,1.03693,159.69,0.4429,933.90,0.00
101,Gangdong-Songpa Branch,서울,154,3,1.03708,159.71,0.4164,925.64,-0.00
102,Gangseo-Yangcheon Branch,남서울,154,3,1.03864,159.95,0.8564,884.38,-0.00
103,Gwanak-Dongjak Branch,남서울,154,3,1.03715,159.72,0.4846,588.64,-0.00
104,Guro-Geumcheon Branch,남서울,154,3,1.03950,160.08,0.6795,700.10,0.00
105,Southern Seoul Headquarters Directly Managed,남서울,345,3,1.04008,358.83,0.7135,541.90,-0.00
106,Seocho Branch,남서울,345,3,1.03697,357.76,0.4474,724.82,0.00
107,Gyeongsan Branch,대구,345,3,1.03588,357.38,-4.8043,529.17,0.00
108,Gyeongju Branch,대구,345,2,1.04000,358.80,-1.8496,743.75,2400.00
109,Goryeong Branch,대구,154,3,1.03609,159.56,-3.9876,248.87,-0.00
110,Gimcheon Branch,대구,154,3,1.01827,156.81,-8.6491,431.55,0.00
111,Southern Daegu Branch,대구,154,3,1.03415,159.26,-4.8057,1549.59,0.00
112,Daegu Headquarters Directly Managed,대구,154,3,1.03349,159.16,-4.9551,593.80,0.00
113,Eastern Daegu Branch,대구,154,2,1.04000,160.16,-5.8186,638.48,393.01
114,Northern Pohang Branch,대구,154,3,1.03505,159.40,-1.6805,1043.19,-0.00
115,Western Daegu Branch,대구,154,3,1.03054,158.70,-5.7625,301.72,-0.00
116,Seongju Branch,경북,154,3,1.02541,157.91,-6.9185,195.65,0.00
117,Yeongdeok Branch,경북,154,3,1.03480,159.36,3.8971,31.60,-0.00
118,Yeongcheon Branch,대구,154,3,1.03556,159.48,-4.8049,271.77,-0.00
119,Cheongdo Branch,대구,154,3,1.03602,159.55,-4.7096,89.30,0.00
120,Chilgok Branch,대구,345,3,1.03137,355.82,-5.4976,369.64,-0.00
121,Pohang Branch,대구,345,3,1.03666,357.65,-2.7838,883.63,0.00
122,Gongju Branch,대전세종충남,154,3,1.02847,158.38,1.0363,224.32,-0.00
123,Geumsan Branch,대전세종충남,154,3,1.03456,159.32,-1.0514,175.44,-0.00
124,Nonsan Branch,대전세종충남,154,3,1.02448,157.77,0.0642,267.55,-0.00
125,Dangjin Branch,대전세종충남,765,2,1.04000,795.60,11.0777,1262.16,8385.80
126,Daedeok-Yuseong Branch,대전세종충남,154,3,1.01612,156.48,-4.2060,1195.84,0.00
127,Daejeon-Sejong-Chungnam Headquarters Directly Managed,대전세종충남,154,3,1.03111,158.79,-1.4582,311.05,-0.00
128,Boryeong Branch,대전세종충남,345,2,1.04000,358.80,9.5189,257.93,6513.09
129,Buyeo Branch,대전세종충남,154,3,1.03029,158.66,3.2372,119.15,0.00
130,Western Daejeon Branch,대전세종충남,154,3,1.01869,156.88,-3.6565,437.16,-0.00
131,Seosan Branch,대전세종충남,154,3,1.03851,159.93,14.0448,1901.89,432.31
132,Seocheon Branch,전북,345,2,1.04000,358.80,2.6361,198.52,900.00
133,Sejong Branch,대전세종충남,154,3,1.03073,158.73,-1.5778,744.58,540.39
134,Asan Branch,대전세종충남,345,3,1.03061,355.56,4.9309,2644.44,-0.00
135,Yesan Branch,대전세종충남,154,3,1.03249,159.00,6.9233,252.55,-0.00
136,Cheonan Branch,대전세종충남,154,3,1.01802,156.77,0.2401,1680.14,-0.00
137,Cheongyang Branch,대전세종충남,345,3,1.03711,357.80,6.0536,67.96,-0.00
138,Taean Branch,대전세종충남,345,2,1.04000,358.80,16.5399,111.73,6000.00
139,Hongseong Branch,대전세종충남,154,3,1.03367,159.18,7.1260,174.97,0.00
140,Gijang Branch,부산울산,765,2,1.04000,795.60,-2.4211,249.44,4550.00
141,Gimhae Branch,부산울산,154,3,1.03262,159.02,-4.1635,1049.09,-0.00
142,Southern Busan Branch,부산울산,154,3,1.03835,159.91,-2.8952,782.39,0.00
143,Dongnae Branch,부산울산,154,3,1.03625,159.58,-3.7286,569.83,0.00
144,Eastern Ulsan Branch,부산울산,154,2,1.04000,160.16,-3.0864,773.39,432.31
145,Busan-Ulsan Headquarters Directly Managed,부산울산,154,3,1.03592,159.53,-3.8607,447.43,-0.00
146,Northern Busan Branch,부산울산,345,2,1.04000,358.80,-2.8711,483.60,1945.41
147,Western Busan Branch,부산울산,154,3,1.03213,158.95,-4.3052,844.82,-0.00
148,Seoul-San Branch,부산울산,345,2,1.04000,358.80,-3.1295,2407.12,2800.00
149,Yangsan Branch,부산울산,154,3,1.03989,160.14,-3.0139,724.17,0.00
150,Yeongdo Branch,부산울산,154,3,1.03837,159.91,-3.3450,93.01,-0.00
151,Ulsan Branch,부산울산,154,2,1.04000,160.16,-3.1667,3230.50,2269.64
152,Central Busan Branch,부산울산,154,3,1.03841,159.91,-3.3332,667.45,0.00
153,Gangbuk-Seongbuk Branch,서울,154,3,1.03864,159.95,0.6119,471.15,0.00
154,Gwangjin-Seongdong Branch,서울,345,3,1.03834,358.23,0.5841,748.97,-0.00
155,Nowon-Dobong Branch,서울,154,3,1.03881,159.98,0.6284,470.68,-0.00
156,Dongdaemun-Jungnang Branch,서울,154,3,1.03840,159.91,0.5933,508.02,0.00
157,Mapo-Yongsan Branch,서울,345,3,1.03996,358.79,0.6653,735.40,756.55
158,Seodaemun-Eunpyeong Branch,경기북부,154,3,1.03997,160.16,0.6757,544.34,-0.00
159,Seoul Headquarters Directly Managed,서울,154,3,1.03888,159.99,0.6136,782.60,-0.00
160,Ganghwa Branch,경기북부,154,3,1.03846,159.92,1.5636,111.98,0.00
161,Gimpo Branch,인천,345,3,1.03869,358.35,1.5535,847.95,0.00
162,Southern Incheon Branch,인천,154,2,1.04000,160.16,5.5692,1345.74,1621.17
163,Baengnyeong Branch,인천,154,3,1.04041,160.22,0.7537,0.00,-0.00
164,Bucheon Branch,남서울,154,3,1.03981,160.13,0.7547,846.27,540.39
165,Western Incheon Branch,인천,345,2,1.04000,358.80,2.3587,1134.64,3890.81
166,Siheung Branch,인천,154,3,1.03636,159.60,2.3839,950.34,0.00
167,Yeongjong Branch,인천,345,2,1.04000,358.80,8.3940,6.42,3458.50
168,Incheon Headquarters Directly Managed,인천,154,3,1.03724,159.74,1.0857,716.45,-0.00
169,Jemulpo Branch,인천,345,3,1.03765,357.99,1.9750,1563.23,-0.00
170,Gochang Branch,전북,154,3,1.03248,159.00,0.4346,65.86,-0.00
171,Gunsan Branch,전북,154,2,1.04000,160.16,2.3856,1062.90,756.55
172,Gimje Branch,전북,154,3,1.03751,159.78,1.4139,161.85,-0.00
173,Namwon Branch,전북,345,3,1.04286,359.79,1.0089,50.75,0.00
174,Southern Jeonju Branch,전북,154,3,1.03834,159.90,1.6956,893.64,0.00
175,Muju Branch,전북,345,3,1.03783,358.05,-0.6374,-401.09,-0.00
176,Buan Branch,전북,154,3,1.03583,159.52,1.0677,41.38,0.00
177,Sunchang Branch,광주전남,154,3,1.03776,159.82,0.1412,42.40,0.00
178,Iksan Branch,전북,345,3,1.03885,358.40,2.1629,575.76,0.00
179,Imsil Branch,전북,154,3,1.04014,160.18,1.1752,41.35,0.00
180,Jangsu Branch,전북,154,3,1.03681,159.67,1.6977,11.72,0.00
181,Jeonbuk Headquarters Directly Managed,전북,154,3,1.03771,159.81,2.0561,351.62,-0.00
182,Jeongeup Branch,전북,154,3,1.03511,159.41,0.9493,85.58,-0.00
183,Jinan Branch,전북,154,3,1.03723,159.73,1.7771,31.75,-0.00
184,Danyang Branch,충북,154,3,1.02623,158.04,4.4262,357.07,0.00
185,Eastern Cheongju Branch,충북,154,3,1.02874,158.43,1.1389,1254.34,-0.00
186,Boeun Branch,충북,154,3,1.03432,159.29,-2.0848,70.10,-0.00
187,Yeongdong Branch,충북,154,3,1.03721,159.73,-1.1523,72.47,0.00
188,Okcheon Branch,충북,345,3,1.03604,357.43,-0.0321,118.72,-0.00
189,Eumseong Branch,충북,154,3,1.02508,157.86,-0.2597,626.33,-0.00
190,Jecheon Branch,충북,345,3,1.03603,357.43,5.3802,306.84,0.00
191,Jeungpyeong-Goesan Branch,충북,154,3,1.02400,157.70,-0.3333,223.15,0.00
192,Jincheon Branch,충북,765,3,1.03561,792.24,2.1751,570.50,0.00
193,Chungbuk Headquarters Directly Managed,충북,345,3,1.03496,357.06,2.8043,1476.06,-0.00
194,Chungju Branch,충북,154,3,1.02825,158.35,0.7631,271.42,-0.00
